gvkey,datadate,fyear,indfmt,consol,popsrc,datafmt,tic,cusip,conm,acctchg,acctstd,acqmeth,adrr,ajex,ajp,bspr,compst,curcd,curncd,currtr,curuscn,final,fyr,ismod,ltcm,ogm,pddur,scf,src,stalt,udpl,upd,apdedate,fdate,pdate,acchg,acco,accrt,acdo,aco,acodo,acominc,acox,acoxar,acqao,acqcshi,acqgdwl,acqic,acqintan,acqinvt,acqlntal,acqniintc,acqppe,acqsc,act,adpac,aedi,afudcc,afudci,aldo,am,amc,amdc,amgw,ano,ao,aocidergl,aociother,aocipen,aocisecgl,aodo,aol2,aoloch,aox,ap,apalch,apb,apc,apofs,aqa,aqc,aqd,aqeps,aqi,aqp,aqpl1,aqs,arb,arc,arce,arced,arceeps,artfs,at,aul3,autxr,balr,banlr,bast,bastr,batr,bcef,bclr,bcltbl,bcnlr,bcrbl,bct,bctbl,bctr,billexce,bkvlps,bltbl,ca,capr1,capr2,capr3,caps,capsft,capx,capxv,cb,cbi,cdpac,cdvc,ceiexbill,ceq,ceql,ceqt,cfbd,cfere,cfo,cfpdo,cga,cgri,cgti,cgui,ch,che,chech,chs,ci,cibegni,cicurr,cidergl,cimii,ciother,cipen,cisecgl,citotal,cld2,cld3,cld4,cld5,clfc,clfx,clg,clis,cll,cllc,clo,clrll,clt,cmp,cnltbl,cogs,cpcbl,cpdoi,cpnli,cppbl,cprei,crv,crvnli,cshfd,cshi,csho,cshpri,cshr,cshrc,cshrp,cshrso,cshrt,cshrw,cstk,cstkcv,cstke,dbi,dc,dclo,dcom,dcpstk,dcs,dcvsr,dcvsub,dcvt,dd,dd1,dd2,dd3,dd4,dd5,depc,derac,deralt,derhedgl,derlc,derllt,dfpac,dfs,dfxa,diladj,dilavx,dlc,dlcch,dltis,dlto,dltp,dltr,dltsub,dltt,dm,dn,do,donr,dp,dpacb,dpacc,dpacli,dpacls,dpacme,dpacnr,dpaco,dpacre,dpact,dpc,dpdc,dpltb,dpret,dpsc,dpstb,dptb,dptc,dptic,dpvieb,dpvio,dpvir,drc,drci,drlt,ds,dt,dtea,dted,dteeps,dtep,dudd,dv,dvc,dvdnp,dvintf,dvp,dvpa,dvpd,dvpdp,dvpibb,dvrpiv,dvrre,dvsco,dvt,dxd2,dxd3,dxd4,dxd5,ea,ebit,ebitda,eiea,emol,emp,epsfi,epsfx,epspi,epspx,esopct,esopdlt,esopnr,esopr,esopt,esub,esubc,excadj,exre,fatb,fatc,fatd,fate,fatl,fatn,fato,fatp,fca,fdfr,fea,fel,ffo,ffs,fiao,finaco,finao,fincf,finch,findlc,findlt,finivst,finlco,finlto,finnp,finrecc,finreclt,finrev,finxint,finxopr,fopo,fopox,fopt,fsrco,fsrct,fuseo,fuset,gbbl,gdwl,gdwlam,gdwlia,gdwlid,gdwlieps,gdwlip,geqrv,gla,glcea,glced,glceeps,glcep,gld,gleps,gliv,glp,govgr,govtown,gp,gphbl,gplbl,gpobl,gprbl,gptbl,gwo,hedgegl,iaeq,iaeqci,iaeqmi,iafici,iafxi,iafxmi,iali,ialoi,ialti,iamli,iaoi,iapli,iarei,iasci,iasmi,iassi,iasti,iatci,iati,iatmi,iaui,ib,ibadj,ibbl,ibc,ibcom,ibki,ibmii,icapt,idiis,idilb,idilc,idis,idist,idit,idits,iire,initb,intan,intano,intc,intpn,invch,invfg,invo,invofs,invreh,invrei,invres,invrm,invt,invwip,iobd,ioi,iore,ip,ipabl,ipc,iphbl,iplbl,ipobl,iptbl,ipti,ipv,irei,irent,irii,irli,irnli,irsi,iseq,iseqc,iseqm,isfi,isfxc,isfxm,isgr,isgt,isgu,islg,islgc,islgm,islt,isng,isngc,isngm,isotc,isoth,isotm,issc,issm,issu,ist,istc,istm,isut,itcb,itcc,itci,ivaco,ivaeq,ivao,ivch,ivgod,ivi,ivncf,ivpt,ivst,ivstch,lcabg,lcacl,lcacr,lcag,lcal,lcalt,lcam,lcao,lcast,lcat,lco,lcox,lcoxar,lcoxdr,lct,lcuacu,li,lif,lifr,lifrp,lloml,lloo,llot,llrci,llrcr,llwoci,llwocr,lno,lo,lol2,loxdr,lqpl1,lrv,ls,lse,lst,lt,lul3,mib,mibn,mibt,mii,mrc1,mrc2,mrc3,mrc4,mrc5,mrct,mrcta,msa,msvrv,mtl,nat,nco,nfsr,ni,niadj,nieci,niint,niintpfc,niintpfp,niit,nim,nio,nipfc,nipfp,nit,nits,nopi,nopio,np,npanl,npaore,nparl,npat,nrtxt,nrtxtd,nrtxteps,oancf,ob,oiadp,oibdp,opeps,opili,opincar,opini,opioi,opiri,opiti,oprepsx,optca,optdr,optex,optexd,optfvgr,optgr,optlife,optosby,optosey,optprcby,optprcca,optprcex,optprcey,optprcgr,optprcwa,optrfr,optvol,palr,panlr,patr,pcl,pclr,pcnlr,pctr,pdvc,pi,pidom,pifo,pll,pltbl,pnca,pncad,pncaeps,pncia,pncid,pncieps,pncip,pncwia,pncwid,pncwieps,pncwip,pnlbl,pnli,pnrsho,pobl,ppcbl,ppegt,ppenb,ppenc,ppenli,ppenls,ppenme,ppennr,ppeno,ppent,ppevbb,ppeveb,ppevo,ppevr,pppabl,ppphbl,pppobl,ppptbl,prc,prca,prcad,prcaeps,prebl,pri,prodv,prsho,prstkc,prstkcc,prstkpc,prvt,pstk,pstkc,pstkl,pstkn,pstkr,pstkrv,ptbl,ptran,pvcl,pvo,pvon,pvpl,pvt,pwoi,radp,ragr,rari,rati,rca,rcd,rceps,rcl,rcp,rdip,rdipa,rdipd,rdipeps,rdp,re,rea,reajo,recch,recco,recd,rect,recta,rectr,recub,ret,reuna,reunr,revt,ris,rll,rlo,rlp,rlri,rlt,rmum,rpag,rra,rrd,rreps,rrp,rstche,rstchelt,rvbci,rvbpi,rvbti,rvdo,rvdt,rveqt,rvlrv,rvno,rvnt,rvri,rvsi,rvti,rvtxr,rvupi,rvutx,saa,sal,sale,salepfc,salepfp,sbdc,sc,sco,scstkc,secu,seq,seqo,seta,setd,seteps,setp,siv,spce,spced,spceeps,spi,spid,spieps,spioa,spiop,sppe,sppiv,spstkc,sret,srt,ssnp,sstk,stbo,stio,stkco,stkcpa,tdc,tdscd,tdsce,tdsg,tdslg,tdsmm,tdsng,tdso,tdss,tdst,teq,tf,tfva,tfvce,tfvl,tie,tii,tlcf,transa,tsa,tsafc,tso,tstk,tstkc,tstkme,tstkn,tstkp,txach,txbco,txbcof,txc,txdb,txdba,txdbca,txdbcl,txdc,txdfed,txdfo,txdi,txditc,txds,txeqa,txeqii,txfed,txfo,txndb,txndba,txndbl,txndbr,txo,txp,txpd,txr,txs,txt,txtubadjust,txtubbegin,txtubend,txtubmax,txtubmin,txtubposdec,txtubposinc,txtubpospdec,txtubpospinc,txtubsettle,txtubsoflimit,txtubtxtr,txtubxintbs,txtubxintis,txva,txw,uaoloch,uaox,uapt,ucaps,uccons,uceq,ucustad,udcopres,udd,udfcc,udmb,udolt,udpco,udpfa,udvp,ufretsd,ugi,ui,uinvt,ulcm,ulco,uniami,unl,unnp,unnpl,unopinc,unwcc,uois,uopi,uopres,updvp,upmcstk,upmpf,upmpfs,upmsubp,upstk,upstkc,upstksf,urect,urectr,urevub,uspi,ustdnc,usubdvp,usubpstk,utfdoc,utfosc,utme,utxfed,uwkcapc,uxinst,uxintd,vpac,vpo,wcap,wcapc,wcapch,wda,wdd,wdeps,wdp,xacc,xad,xago,xagt,xcom,xcomi,xdepl,xdp,xdvre,xeqo,xi,xido,xidoc,xindb,xindc,xins,xinst,xint,xintd,xintopt,xivi,xivre,xlr,xnbi,xnf,xnins,xnitb,xobd,xoi,xopr,xoprar,xoptd,xopteps,xore,xpp,xpr,xrd,xrdp,xrent,xs,xsga,xstf,xstfo,xstfws,xt,xuw,xuwli,xuwnli,xuwoi,xuwrei,xuwti,iid,exchg,cik,costat,fic,naicsh,sich,cshtr_c,dvpsp_c,dvpsx_c,prcc_c,prch_c,prcl_c,adjex_c,cshtr_f,dvpsp_f,dvpsx_f,mkvalt,prcc_f,prch_f,prcl_f,adjex_f,rank,au,auop,auopic,ceoso,cfoso,addzip,loc,state,ipodate,sic,firm_age
001690,20150930,2015,INDL,C,D,STD,AAPL,037833100,APPLE INC,,DS,,,4.0000,4.0000,,,USD,USD,1.0000,,Y,9,1,9,,12,7,5,,,3,20150926,20151029,20151027,0.0000,,,0.0000,15085.0000,15085.0000,-345.0000,15085.0000,,,,,,,,,,,,89378.0000,,,,,0.0000,1300.0000,,,,0.0000,5556.0000,772.0000,0.0000,0.0000,0.0000,5556.0000,192796.0000,9609.0000,5556.0000,35490.0000,5400.0000,,,,,343.0000,,,,,3426.0000,,,,,,,,290479.0000,0.0000,,,,,,,,,,,,,,,,21.3946,,,,,,27415.9440,,11247.0000,11247.0000,,,,,,119355.0000,119355.0000,110346.0000,,,,,,,,,21120.0000,41601.0000,7276.0000,,51967.0000,53394.0000,-411.0000,-592.0000,0.0000,0.0000,0.0000,-424.0000,51967.0000,0.0000,0.0000,0.0000,0.0000,,,,,,,,,,,,129589.0000,,,,,,,,5793.0690,5578.7530,5578.7530,5753.4210,25.9240,,,,,,0.0560,0.0000,0.0000,,,0.0000,0.0000,0.0000,,0.0000,0.0000,0.0000,0.0000,2500.0000,3500.0000,6000.0000,3775.0000,5581.0000,,1945.0000,,-456.0000,1012.0000,,,,,0.0000,53394.0000,10999.0000,2191.0000,27114.0000,0.0000,13543.0000,,,53463.0000,0.0000,53463.0000,0.0000,0.0000,10500.0000,,,,,,,,,26786.0000,11257.0000,,,,,,,,,26786.0000,,,8940.0000,,3624.0000,0.0000,55963.0000,,,,,0.0000,11561.0000,11627.0000,,,0.0000,0.0000,,,,,,,11627.0000,3500.0000,6000.0000,3775.0000,5581.0000,,71230.0000,81730.0000,,,110.0000,9.2200,9.2200,9.2800,9.2800,0.0000,,0.0000,0.0000,0.0000,0.0000,0.0000,,0.0000,,0.0000,,,5263.0000,0.0000,,,,,,,,,0.0000,,,-17716.0000,,,,,,,,,,,,,3586.0000,3586.0000,,,,,,,5116.0000,,,,,,,,,,,,,,-91.0000,,,,104126.0000,,,,,,,,,,,,,,,,,,,,,,,,,,,,,53394.0000,53394.0000,,53394.0000,53394.0000,,53394.0000,172818.0000,,,,,,,,,,9009.0000,3893.0000,0.0000,514.0000,-238.0000,,,,,,,,2349.0000,,,,,,,,,,,,,,,,,,,,,,,,,,,,,,,,,,,,,,,,,,,,,,0.0000,,597.0000,-267.0000,0.0000,164065.0000,166402.0000,,,-56274.0000,,20481.0000,,,,,,,,,,,,34121.0000,8940.0000,,0.0000,80610.0000,,,,0.0000,0.0000,,,,,,,,0.0000,12989.0000,1012.0000,9365.0000,0.0000,,,290479.0000,,171124.0000,0.0000,0.0000,0.0000,0.0000,0.0000,772.0000,774.0000,744.0000,715.0000,674.0000,3679.0000,2592.0000,-464.0000,,,,,,53394.0000,53394.0000,,,,,,,,,,,,2018.0000,2018.0000,8499.0000,,,,,,,,81266.0000,,71230.0000,81730.0000,9.2800,,,,,,,9.2200,,,,,,,,,1.2000,,,,15.0800,,,,,,,,,,,,,72515.0000,24915.0000,47600.0000,,,,,,,,,,,,,,,,0.0000,,,49257.0000,,,,,,,,22471.0000,,49257.0000,,,,,,,,,,,,,,0.0000,36752.0000,,,,0.0000,0.0000,0.0000,0.0000,0.0000,0.0000,,,,,,,,,,,,,,,,,,0.0000,0.0000,0.0000,0.0000,,91939.0000,0.0000,772.0000,-3124.0000,13494.0000,82.0000,30343.0000,-653.0000,16849.0000,,,92284.0000,,233715.0000,,,,,,,,,,,,,,,,,,,,,,,,,,,,,,,,233715.0000,,,,,,,,119355.0000,0.0000,,,,,121985.0000,,,,0.0000,,,,,0.0000,0.0000,,,,,543.0000,,,3586.0000,2386.0000,,,,,,,,,,,119355.0000,,196222.0000,0.0000,1012.0000,,,,,,,,0.0000,0.0000,,0.0000,0.0000,,0.0000,749.0000,17739.0000,24062.0000,,5546.0000,,1382.0000,3408.0000,-1806.0000,1382.0000,24062.0000,-220.0000,,,11730.0000,4744.0000,-16260.0000,10911.0000,27171.0000,0.0000,0.0000,,13252.0000,0.0000,1265.0000,19121.0000,0.0000,4033.0000,6900.0000,,,0.0000,1278.0000,345.0000,2056.0000,109.0000,13.0000,1400.0000,1300.0000,709.0000,,0.0000,,,,,,,,,,,,,,,,,,,,,,,,,,,,,,,,,,,,,,,,,,,,,,,,,,,,,,,8768.0000,,,,,,,25181.0000,1800.0000,,,,,,,,,0.0000,0.0000,0.0000,,,,,733.0000,722.0000,,,,,,,,,,,151985.0000,,,,,0.0000,200.0000,8067.0000,6041.0000,794.0000,,22396.0000,,,,,,,,,,,01,14,0000320193,A,USA,334220,3663,13014858180.0000,2.0300,2.0300,105.2600,134.5400,92.0000,4.0000,13476880250.0000,1.9800,1.9800,615336.4559,110.3000,134.5400,92.0000,4.0000,1,4,1,1,Y,Y,95014,USA,CA,19801212,3663,36
001690,20160930,2016,INDL,C,D,STD,AAPL,037833100,APPLE INC,,DS,,,4.0000,4.0000,,,USD,USD,1.0000,,Y,9,1,9,,12,7,5,,,3,20160924,20161028,20161025,0.0000,,,0.0000,8283.0000,8283.0000,634.0000,8283.0000,,,,,,,,,,,,106869.0000,,,,,0.0000,1500.0000,,,,0.0000,8757.0000,38.0000,0.0000,0.0000,0.0000,8757.0000,225456.0000,-2568.0000,8757.0000,37294.0000,1791.0000,,,,,297.0000,,,,,4927.0000,,,,,,,,321686.0000,0.0000,,,,,,,,,,,,,,,,24.0339,,,,,,31250.9470,,12734.0000,12734.0000,,,,,,128249.0000,128249.0000,119629.0000,,,,,,,,,20484.0000,67155.0000,-636.0000,,46666.0000,45687.0000,75.0000,-734.0000,0.0000,0.0000,0.0000,1638.0000,46666.0000,0.0000,0.0000,0.0000,0.0000,,,,,,,,,,,,121576.0000,,,,,,,,5500.2810,5336.1660,5336.1660,5470.8200,25.6410,,,,,,0.0530,0.0000,0.0000,,,0.0000,0.0000,0.0000,,0.0000,0.0000,0.0000,0.0000,3500.0000,6500.0000,6834.0000,6454.0000,7750.0000,,1399.0000,,-111.0000,1076.0000,,,,,0.0000,45687.0000,11605.0000,-397.0000,24954.0000,0.0000,13931.0000,2500.0000,,75427.0000,0.0000,75427.0000,0.0000,0.0000,9800.0000,,,,,,,,,34235.0000,10505.0000,,,,,,,,,34235.0000,,,8080.0000,,2930.0000,0.0000,78927.0000,,,,,0.0000,12150.0000,12188.0000,,,0.0000,0.0000,,,,,,,12188.0000,6500.0000,6834.0000,6454.0000,7750.0000,,59476.0000,69276.0000,,,116.0000,8.3100,8.3100,8.3500,8.3500,0.0000,,0.0000,0.0000,0.0000,0.0000,0.0000,,0.0000,,0.0000,,,6517.0000,0.0000,,,,,,,,,0.0000,,,-20483.0000,,,,,,,,,,,,,4210.0000,4210.0000,,,,,,,5414.0000,,,,,,,,,,,,,,-87.0000,,,,93515.0000,,,,,,,,,,,,,,,,,,,,,,,,,,,,,45687.0000,45687.0000,,45687.0000,45687.0000,,45687.0000,203676.0000,,,,,,,,,,8620.0000,3206.0000,0.0000,1316.0000,217.0000,,,,,,,,2132.0000,,,,,,,,,,,,,,,,,,,,,,,,,,,,,,,,,,,,,,,,,,,,,,0.0000,,753.0000,-924.0000,0.0000,170430.0000,143816.0000,,,-45977.0000,,46671.0000,,,,,,,,,,,,30107.0000,8080.0000,,0.0000,79006.0000,,,,0.0000,0.0000,,,,,,,,0.0000,12985.0000,1076.0000,10055.0000,0.0000,,,321686.0000,,193437.0000,0.0000,0.0000,0.0000,0.0000,0.0000,929.0000,919.0000,915.0000,889.0000,836.0000,4488.0000,3139.0000,1174.0000,,,,,,45687.0000,45687.0000,,,,,,,,,,,,2804.0000,2804.0000,8105.0000,,,,,,,,65824.0000,,59476.0000,69276.0000,8.2900,,,,,,,8.2400,,,,,,,,,,,,,,,,,,,,,,,,,,61372.0000,20272.0000,41100.0000,,,,,,,,,,,,,,,,0.0000,,,61245.0000,,,,,,,,27010.0000,,61245.0000,,,,,,,,,,,,,,0.0000,31292.0000,,,,0.0000,0.0000,0.0000,0.0000,0.0000,0.0000,,,,,,,,,,,,,,,,,,0.0000,0.0000,0.0000,0.0000,,96998.0000,0.0000,38.0000,1044.0000,13545.0000,53.0000,29299.0000,-578.0000,15754.0000,,,96364.0000,,215091.0000,,,,,,,,,,,,,,,,,,,,,,,,,,,,,,,,215091.0000,,,,,,,,128249.0000,0.0000,356.2000,0.0600,0.0700,548.0000,111794.0000,,,,548.0000,,,,,0.0000,0.0000,,,,,495.0000,,,4210.0000,2810.0000,,,,,,,,,,,128249.0000,,230383.0000,0.0000,1076.0000,,,,,,,,0.0000,0.0000,,0.0000,0.0000,,0.0000,407.0000,10747.0000,26019.0000,4113.0000,0.0000,0.0000,4938.0000,5043.0000,33.0000,4938.0000,26019.0000,-138.0000,,,7652.0000,2105.0000,-21906.0000,10015.0000,31921.0000,0.0000,0.0000,,10444.0000,0.0000,990.0000,15685.0000,0.0000,6900.0000,7724.0000,,,0.0000,1578.0000,257.0000,1121.0000,1618.0000,0.0000,2800.0000,1000.0000,295.0000,,0.0000,,,,,,,,,,,,,,,,,,,,,,,,,,,,,,,,,,,,,,,,,,,,,,,,,,,,,,,27863.0000,,,,,,,22027.0000,,,,,,,,,,0.0000,0.0000,0.0000,,,,,1456.0000,1400.0000,,,,,,,,,,,145815.0000,,,,,0.0000,,10045.0000,8067.0000,939.0000,,24239.0000,,,,,,,,,,,01,14,0000320193,A,USA,334220,3663,9643454040.0000,2.2300,2.2300,115.8200,118.6900,89.4700,4.0000,10416458890.0000,2.1800,2.1800,603253.5663,113.0500,123.8200,89.4700,4.0000,1,4,1,1,Y,Y,95014,USA,CA,19801212,3663,37
001690,20170930,2017,INDL,C,D,STD,AAPL,037833100,APPLE INC,,DS,,,4.0000,4.0000,,,USD,USD,1.0000,,Y,9,1,9,,12,7,5,,,3,20170930,20171103,20171102,0.0000,,,0.0000,13936.0000,13936.0000,-150.0000,13936.0000,,,,,,,,,,,,128645.0000,,,,,0.0000,1200.0000,,,,0.0000,10162.0000,-124.0000,0.0000,0.0000,0.0000,10162.0000,255298.0000,-6098.0000,10162.0000,49049.0000,9618.0000,,,,,329.0000,,,,,7245.0000,,,,,,,,375319.0000,0.0000,,,,,,,,,,,,,,,,26.1494,,,,,,35866.9490,,12451.0000,12451.0000,,,,,,134047.0000,134047.0000,126032.0000,,,,,,,,,20289.0000,74181.0000,-195.0000,,47567.0000,48351.0000,224.0000,-162.0000,0.0000,0.0000,0.0000,-846.0000,47567.0000,0.0000,0.0000,0.0000,0.0000,,,,,,,,,,,,131648.0000,,,,,,,,5251.6920,5126.2010,5126.2010,5217.2420,25.3330,,,,,,0.0510,0.0000,0.0000,,,0.0000,0.0000,0.0000,,0.0000,0.0000,0.0000,0.0000,6496.0000,8863.0000,9220.0000,7750.0000,10297.0000,,,,638.0000,,,,,,0.0000,48351.0000,18473.0000,3852.0000,28662.0000,0.0000,3250.0000,3500.0000,,97207.0000,0.0000,97207.0000,0.0000,0.0000,9400.0000,,,,,,,,,41293.0000,10157.0000,,,,,,,,,41293.0000,,,7548.0000,,2836.0000,0.0000,103703.0000,,,,,0.0000,12769.0000,12803.0000,,,0.0000,0.0000,,,,,,,12803.0000,8863.0000,9220.0000,7750.0000,10297.0000,,61344.0000,70744.0000,,,123.0000,9.2100,9.2100,9.2700,9.2700,0.0000,,0.0000,0.0000,0.0000,0.0000,0.0000,,0.0000,,0.0000,,,7279.0000,0.0000,,,,,,,,,0.0000,,,-17347.0000,,,,,,,,,,,,,4674.0000,4674.0000,,,,,,,5717.0000,,,,,,,,,,,,,,99.0000,,,,97586.0000,,,,,,,,,,,,,,,,,,,,,,,,,,,,,48351.0000,48351.0000,,48351.0000,48351.0000,,48351.0000,231254.0000,,,,,,,,,,8015.0000,2298.0000,0.0000,2092.0000,-2723.0000,,,,,,,,4855.0000,,,,,,,,,,,,,,,,,,,,,,,,,,,,,,,,,,,,,,,,,,,,,,0.0000,,887.0000,-124.0000,0.0000,194714.0000,159881.0000,,,-46446.0000,,53892.0000,,,,,,,,,,,,33292.0000,7548.0000,,0.0000,100814.0000,,,,0.0000,0.0000,,,,,,,,0.0000,11747.0000,1563.0000,8911.0000,0.0000,,,375319.0000,,241272.0000,0.0000,0.0000,0.0000,0.0000,0.0000,1223.0000,1187.0000,1108.0000,1033.0000,871.0000,5422.0000,4123.0000,328.0000,,,,,,48351.0000,48351.0000,,,,,,,,,,,,5068.0000,5068.0000,11977.0000,,,,,,,,63598.0000,,61344.0000,70744.0000,9.2700,,,,,,,9.2100,,,,,,,,,,,,,,,,,,,,,,,,,,64089.0000,19389.0000,44700.0000,,,,,,,,,,,,,,,,0.0000,,,75076.0000,,,,,,,,33783.0000,,75076.0000,,,,,,,,,,,,,,0.0000,34774.0000,,,,0.0000,0.0000,0.0000,0.0000,0.0000,0.0000,,,,,,,,,,,,,,,,,,0.0000,0.0000,0.0000,0.0000,,98180.0000,0.0000,-124.0000,-6347.0000,17799.0000,58.0000,35673.0000,-354.0000,17874.0000,,,98330.0000,,229234.0000,,,,,,,,,,,,,,,,,,,,,,,,,,,,,,,,229234.0000,,,,,,,,134047.0000,0.0000,,,,,126339.0000,,,,0.0000,,,,,0.0000,0.0000,,,,,555.0000,,,4840.0000,3240.0000,,,,,,,,,,,134047.0000,,262543.0000,0.0000,1563.0000,,,,,,,,0.0000,0.0000,,0.0000,0.0000,,0.0000,627.0000,9772.0000,31504.0000,3916.0000,0.0000,0.0000,5966.0000,5980.0000,-16.0000,5966.0000,31504.0000,2.0000,,,7842.0000,1671.0000,-27588.0000,8974.0000,36562.0000,0.0000,0.0000,,11591.0000,0.0000,259.0000,15738.0000,0.0000,7724.0000,8407.0000,,,0.0000,1880.0000,952.0000,333.0000,539.0000,39.0000,2500.0000,1200.0000,165.0000,,0.0000,,,,,,,,,,,,,,,,,,,,,,,,,,,,,,,,,,,,,,,,,,,,,,,,,,,,,,,27831.0000,,,,,,,25744.0000,,,,,,,,,,0.0000,0.0000,0.0000,,,,,2323.0000,2200.0000,,,,,,,,,,,158490.0000,,,,,0.0000,,11581.0000,10045.0000,1100.0000,,26842.0000,,,,,,,,,,,01,14,0000320193,A,USA,334220,3663,6777678070.0000,2.4600,2.4600,169.2300,177.2000,114.7600,4.0000,7154095260.0000,2.4000,2.4000,790050.0981,154.1200,164.9400,104.0800,4.0000,1,4,1,1,Y,Y,95014,USA,CA,19801212,3663,38
001690,20180930,2018,INDL,C,D,STD,AAPL,037833100,APPLE INC,,DS,,,4.0000,4.0000,,,USD,USD,1.0000,,Y,9,1,9,,12,7,5,,,3,20180929,20181105,20181101,0.0000,,,0.0000,12087.0000,12087.0000,-3454.0000,12087.0000,,,,,,,,,,,,131339.0000,,,,,0.0000,,,,,0.0000,22283.0000,810.0000,0.0000,0.0000,0.0000,22283.0000,218033.0000,38023.0000,22283.0000,55888.0000,9175.0000,,,,,721.0000,,,,,8766.0000,,,,,,,,365725.0000,0.0000,,,,,,,,,,,,,,,,22.5336,,,,,,40200.9520,,13313.0000,13313.0000,,,,,,107147.0000,107147.0000,107147.0000,,,,,,,,,25913.0000,66301.0000,5624.0000,,56505.0000,59531.0000,-525.0000,905.0000,0.0000,0.0000,0.0000,-3406.0000,56505.0000,0.0000,0.0000,0.0000,0.0000,,,,,,,,,,,,152853.0000,,,,,,,,5000.1090,4754.9860,4754.9860,4955.3770,23.7120,,,,,,0.0480,0.0000,0.0000,,,0.0000,0.0000,0.0000,,0.0000,0.0000,0.0000,0.0000,8784.0000,10183.0000,8750.0000,8583.0000,9395.0000,,,,-344.0000,,,,,,0.0000,59531.0000,20748.0000,-37.0000,6969.0000,0.0000,7107.0000,6500.0000,,93735.0000,0.0000,93735.0000,0.0000,0.0000,10903.0000,,,,,,,,,49099.0000,10903.0000,,,,,,,,,49099.0000,,,7543.0000,,2797.0000,0.0000,102519.0000,,,,,0.0000,13712.0000,13735.0000,,,0.0000,0.0000,,,,,,,13735.0000,10183.0000,8750.0000,8583.0000,9395.0000,,70662.0000,81565.0000,,,132.0000,11.9100,11.9100,12.0100,12.0100,0.0000,,0.0000,0.0000,0.0000,0.0000,0.0000,,0.0000,,0.0000,,,8205.0000,0.0000,,,,,,,,,0.0000,,,-87876.0000,,,,,,,,,,,,,4896.0000,4896.0000,,,,,,,,,,,,,,,,,,,,,20.0000,,,,112506.0000,,,,,,,,,,,,,,,,,,,,,,,,,,,,,59531.0000,59531.0000,,59531.0000,59531.0000,,59531.0000,200882.0000,,,,,,,,,,,,0.0000,3022.0000,828.0000,,,,,,,,3956.0000,,,,,,,,,,,,,,,,,,,,,,,,,,,,,,,,,,,,,,,,,,,,,,0.0000,,755.0000,-745.0000,0.0000,170799.0000,73227.0000,,,16066.0000,,40388.0000,,,,,,,,,,,,40230.0000,40230.0000,,32687.0000,116866.0000,,,,0.0000,0.0000,,,,,,,,0.0000,47551.0000,2136.0000,44754.0000,0.0000,,,365725.0000,,258578.0000,0.0000,0.0000,0.0000,0.0000,0.0000,1298.0000,1289.0000,1218.0000,1038.0000,800.0000,5643.0000,3984.0000,-3209.0000,,,,,,59531.0000,59531.0000,,,,,,,,,,,,5245.0000,5245.0000,11964.0000,,,,,-1500.0000,-0.3000,-0.3000,77434.0000,,70662.0000,81565.0000,12.2800,,,,,,,12.1700,,,,,,,,,,,,,,,,,,,,,,,,,,72903.0000,24903.0000,48000.0000,,,,,,,,,,,,,,,,0.0000,,,90403.0000,,,,,,,,41304.0000,,90403.0000,,,,,,,,,,,,,,0.0000,75265.0000,,,,0.0000,0.0000,0.0000,0.0000,0.0000,0.0000,,,,,,,,,,,,,,,,,,0.0000,0.0000,0.0000,0.0000,,66946.0000,0.0000,810.0000,-13332.0000,25809.0000,,48995.0000,-1055.0000,23186.0000,,,70400.0000,,265359.0000,,,,,,,,,,,,,,,,,,,,,,,,,,,,,,,,265359.0000,,,,,,,,107147.0000,0.0000,153.4000,0.0300,0.0300,236.0000,104072.0000,,,,236.0000,,,,,0.0000,0.0000,,,,,669.0000,,,5340.0000,3440.0000,,,,,,,,,,,107147.0000,,226799.0000,0.0000,2136.0000,,,,,,,,0.0000,0.0000,,0.0000,0.0000,,0.0000,0.0000,45962.0000,426.0000,6260.0000,0.0000,0.0000,-32590.0000,-33819.0000,1181.0000,-32590.0000,426.0000,48.0000,,,41425.0000,3986.0000,5834.0000,6610.0000,776.0000,0.0000,0.0000,,10417.0000,0.0000,551.0000,13372.0000,0.0000,8407.0000,9694.0000,,,0.0000,1824.0000,2212.0000,2431.0000,756.0000,0.0000,7400.0000,1400.0000,236.0000,,0.0000,,,,,,,,,,,,,,,,,,,,,,,,,,,,,,,,,,,,,,,,,,,,,,,,,,,,,,,14473.0000,,,,,,,,,,,,,,,,,0.0000,0.0000,0.0000,,,,,3240.0000,3000.0000,,,,,,,,,,,183794.0000,,,,,0.0000,,14236.0000,11581.0000,1200.0000,,30941.0000,,,,,,,,,,,01,14,0000320193,A,USA,334220,3663,8475864290.0000,2.8200,2.8200,157.7400,233.4700,146.5900,4.0000,7481570710.0000,2.7200,2.7200,1073390.5396,225.7400,229.6700,150.2400,4.0000,1,4,1,1,Y,Y,95014,USA,CA,19801212,3663,39
001690,20190930,2019,INDL,C,D,STD,AAPL,037833100,APPLE INC,,DS,,,4.0000,4.0000,,,USD,USD,1.0000,,Y,9,1,9,,12,7,5,,,3,20190928,20191104,20191030,0.0000,,,0.0000,12329.0000,12329.0000,-584.0000,12329.0000,,,,,,,,,,,,162819.0000,,,,,0.0000,,,,,0.0000,32978.0000,172.0000,0.0000,0.0000,0.0000,32978.0000,180603.0000,-4452.0000,32978.0000,46236.0000,-1923.0000,,,,,624.0000,,,,,15897.0000,,,,,,,,338516.0000,0.0000,,,,,,,,,,,,,,,,20.3653,,,,,,45173.9560,,10495.0000,10495.0000,,,,,,90488.0000,90488.0000,90488.0000,,,,,,,,,48844.0000,100580.0000,24311.0000,,58037.0000,55256.0000,-408.0000,-638.0000,0.0000,0.0000,0.0000,3827.0000,58037.0000,0.0000,0.0000,0.0000,0.0000,,,,,,,,,,,,149235.0000,,,,,,,,4648.9130,4443.2360,4443.2360,4617.8340,23.2330,,,,,,0.0440,0.0000,0.0000,,,0.0000,0.0000,0.0000,,0.0000,0.0000,0.0000,0.0000,10260.0000,8750.0000,9528.0000,9290.0000,10039.0000,,,,-784.0000,,,,,,0.0000,55256.0000,16240.0000,-5977.0000,6963.0000,0.0000,4250.0000,8805.0000,,91807.0000,0.0000,91807.0000,0.0000,0.0000,12547.0000,,,,,,,,,58579.0000,12547.0000,,,,,,,,,58579.0000,,,5522.0000,,,0.0000,102067.0000,,,,,0.0000,14119.0000,14129.0000,,,0.0000,0.0000,,,,,,,14129.0000,8750.0000,9528.0000,9290.0000,10039.0000,,63930.0000,76477.0000,,,137.0000,11.8900,11.8900,11.9700,11.9700,0.0000,,0.0000,0.0000,0.0000,0.0000,0.0000,,0.0000,,0.0000,,,9075.0000,0.0000,,,,,,,,,-105.0000,,,-90976.0000,,,,,,,,,,,,,5416.0000,5416.0000,,,,,,,,,,,,,,,,,,,,,-31.0000,,,,110939.0000,,,,,,,,,,,,,,,,,,,,,,,,,,,,,55256.0000,55256.0000,,55256.0000,55256.0000,,55256.0000,182295.0000,,,,,,,,,,,,0.0000,3423.0000,-289.0000,,,,,,,,4106.0000,,,,,,,,,,,,,,,,,,,,,,,,,,,,,,,,,,,,,,,,,,,,,,0.0000,,548.0000,-1078.0000,0.0000,105341.0000,40631.0000,,,45896.0000,,51736.0000,,,,,,,,,,,,43242.0000,43242.0000,,37720.0000,105718.0000,,,,0.0000,0.0000,,,,,,,,0.0000,44303.0000,1606.0000,44303.0000,0.0000,,,338516.0000,,248028.0000,0.0000,0.0000,0.0000,0.0000,0.0000,1306.0000,1276.0000,1137.0000,912.0000,834.0000,5465.0000,5373.0000,707.0000,,,,,,55256.0000,55256.0000,,,,,,,,,,,,5383.0000,5383.0000,5980.0000,,,,,,,,69391.0000,,63930.0000,76477.0000,11.9700,,,,,,,11.8900,,,,,,,,,,,,,,,,,,,,,,,,,,65737.0000,21437.0000,44300.0000,,,,,,,,,,,,,,,,0.0000,,,95957.0000,,,,,,,,37378.0000,,95957.0000,,,,,,,,,,,,,,0.0000,69714.0000,,,,0.0000,0.0000,0.0000,0.0000,0.0000,0.0000,,,,,,,,,,,,,,,,,,0.0000,0.0000,0.0000,0.0000,,45314.0000,0.0000,172.0000,3176.0000,22878.0000,,45804.0000,-1463.0000,22926.0000,,,45898.0000,,260174.0000,,,,,,,,,,,,,23.0000,1357.0000,,,,,,,,,,,,,,,,,,260174.0000,,,,,,,,90488.0000,0.0000,,,,,98724.0000,,,,0.0000,,,,,0.0000,0.0000,,,,,781.0000,,,6068.0000,4101.0000,,,,,,,,,,,90488.0000,,196500.0000,0.0000,1606.0000,,,,,,,,0.0000,0.0000,,0.0000,0.0000,,0.0000,0.0000,10821.0000,6200.0000,14245.0000,0.0000,0.0000,-340.0000,-2939.0000,2666.0000,-340.0000,6200.0000,-67.0000,,,6384.0000,3962.0000,8045.0000,19640.0000,11595.0000,0.0000,0.0000,,15263.0000,0.0000,475.0000,10481.0000,0.0000,9694.0000,15619.0000,-2000.0000,,0.0000,1697.0000,686.0000,5845.0000,852.0000,79.0000,8600.0000,1300.0000,73.0000,,0.0000,,,,,,,,,,,,,,,,,,,,,,,,,,,,,,,,,,,,,,,,,,,,,,,,,,,,,,,57101.0000,,,,,,,,,,,,,,,,,0.0000,0.0000,0.0000,,,,,3576.0000,3200.0000,,,,,,,,,,,183697.0000,,,,,0.0000,,16217.0000,14236.0000,1300.0000,,34462.0000,,,,,,,,,,,01,14,0000320193,A,USA,334220,3663,7041445180.0000,3.0400,3.0400,293.6500,293.9700,142.0000,4.0000,8006155280.0000,3.0000,3.0000,995151.5669,223.9700,233.4700,142.0000,4.0000,1,4,4,1,Y,Y,95014,USA,CA,19801212,3663,40
012141,20150630,2015,INDL,C,D,STD,MSFT,594918104,MICROSOFT CORP,,DS,AP,,1.0000,1.0000,,AA,USD,USD,1.0000,,Y,6,1,9,,12,7,5,,,3,20150630,20150801,20150721,0.0000,,,0.0000,7376.0000,7376.0000,2522.0000,7376.0000,,,0.0000,1800.0000,,928.0000,,,,,,124712.0000,,,,,0.0000,1300.0000,,,,-162.0000,2953.0000,590.0000,-1237.0000,0.0000,0.0000,2953.0000,22761.0000,1383.0000,2953.0000,6591.0000,-1054.0000,,,,-295.7500,,-0.0400,-0.0400,,-455.0000,81750.0000,,,,,,,,176223.0000,20.0000,,,,,,,,,,,,,,,,9.9767,,,,,,68415.0000,116.0000,5944.0000,5944.0000,,,,,,80083.0000,80083.0000,58309.0000,,,,,,,,,5595.0000,96526.0000,-3074.0000,,11007.0000,12193.0000,,559.0000,0.0000,-1383.0000,0.0000,-362.0000,11007.0000,0.0000,0.0000,0.0000,0.0000,,,,,,,,,,,,27638.0000,,,,,,,,8254.0000,8027.0000,8027.0000,8177.0000,109.4790,,,,,,50.0000,0.0000,0.0000,,0.0000,0.0000,0.0000,0.0000,,0.0000,0.0000,0.0000,0.0000,2499.0000,0.0000,1050.0000,2250.0000,1500.0000,,708.0000,0.0000,-423.0000,513.0000,0.0000,,,,0.0000,12193.0000,7484.0000,4481.0000,10680.0000,0.0000,0.0000,1500.0000,,27808.0000,0.0000,27808.0000,0.0000,0.0000,5400.0000,,,,,,,,,17606.0000,5957.0000,,,,,,,,,17606.0000,,,23223.0000,,2095.0000,0.0000,30307.0000,,,,,0.0000,9882.0000,10063.0000,,,0.0000,0.0000,,,,,,,10063.0000,0.0000,1050.0000,2250.0000,1500.0000,,28172.0000,33572.0000,,,118.0000,1.4800,1.4800,1.4900,1.4900,0.0000,,0.0000,0.0000,0.0000,,,,-73.0000,10800.0000,0.0000,,,3577.0000,0.0000,,769.0000,335.0000,,,,,,362.0000,,,-9080.0000,,,,,,,,,,,,,9193.0000,9781.0000,,,,,,,16939.0000,,-3443.7000,-0.4200,-0.4200,-5298.0000,,,465.4000,0.0600,0.0600,716.0000,,,716.0000,,,,65942.0000,,,,,,,16.0000,,,,,,,,,,,,,,,,,,,,,,12193.0000,12193.0000,,12193.0000,12193.0000,,12193.0000,107891.0000,,,,,,,,,,21774.0000,4835.0000,25.0000,620.0000,-272.0000,1600.0000,0.0000,,,,,1100.0000,2902.0000,202.0000,,,,,,,,,,,,,,,,,,,,,,,,,,,,,,,,,,,,,,,,,,,,,0.0000,,444.0000,-4189.0000,,12053.0000,98729.0000,,,-23001.0000,,90931.0000,,,,,,,,,,,,35177.0000,30081.0000,,6858.0000,49858.0000,,,,0.0000,0.0000,,,,,,,,-161.0000,15639.0000,159.0000,13544.0000,5.0000,,,176223.0000,,96140.0000,54.0000,0.0000,0.0000,0.0000,0.0000,863.0000,803.0000,735.0000,611.0000,524.0000,3536.0000,1617.0000,3169.0000,,,,,,12193.0000,12193.0000,,,,,,,,,,,,1152.0000,1152.0000,4985.0000,,,,,-332.0000,-0.0400,-0.0400,29080.0000,,28172.0000,33572.0000,2.6900,,,,,,,2.6700,,,,,,,,,,,,,,,,,,,,,,,,,,18507.0000,7363.0000,11144.0000,,,0.0000,0.0000,0.0000,,,,,,,,,,,0.0000,,,32337.0000,,,,,,,,14731.0000,,32337.0000,,,,,,,,0.0000,0.0000,0.0000,,,,0.0000,14443.0000,,,,0.0000,0.0000,0.0000,0.0000,0.0000,0.0000,,,,,,,,,,,,,-1337.7000,-0.1600,-0.1600,,-2058.0000,0.0000,0.0000,0.0000,0.0000,,11618.0000,0.0000,-647.0000,1456.0000,0.0000,335.0000,17908.0000,,17908.0000,,,9096.0000,,93580.0000,,,,,,,,,,,,,,,,,,,,,,,,,,,,,,,,93580.0000,,,,,,,,80083.0000,0.0000,,,,,85861.0000,,,,-10011.0000,,,,,0.0000,,,,,,634.0000,,,2574.0000,1706.0000,,,,,,,,,,,80083.0000,,104369.0000,0.0000,57.0000,,,4600.0000,,,,,0.0000,0.0000,,0.0000,0.0000,,-588.0000,588.0000,6090.0000,2835.0000,64.0000,1915.0000,211.0000,224.0000,,,224.0000,2835.0000,,,,3661.0000,2065.0000,-1067.0000,3150.0000,4217.0000,0.0000,0.0000,606.0000,4400.0000,0.0000,364.0000,6314.0000,0.0000,8714.0000,9599.0000,,,0.0000,1091.0000,144.0000,94.0000,50.0000,106.0000,7900.0000,1700.0000,237.0000,,0.0000,,,,,,,,,,,,,,,,,,,,,,,,,,,,,,,,,,,,,,,,,,,,,,,,,,,,,,,74854.0000,,,-1430.0000,-0.1700,-0.1700,-2200.0000,5096.0000,1900.0000,,,,,,,,,0.0000,0.0000,0.0000,,,,,806.0000,,0.0000,,,,,,,,,,60008.0000,,0.0000,0.0000,,0.0000,454.0000,12046.0000,11381.0000,989.0000,,32370.0000,,,,,,,,,,,01,14,0000789019,A,USA,511210,7372,9020435034.0000,1.2900,1.2900,55.4800,56.8500,39.7200,1.0000,8650950770.0000,1.2100,1.2100,354392.0500,44.1500,50.0450,40.1200,1.0000,1,5,1,1,Y,Y,98052-6399,USA,WA,19860313,7372,31
012141,20160630,2016,INDL,C,D,STD,MSFT,594918104,MICROSOFT CORP,,DS,,,1.0000,1.0000,,,USD,USD,1.0000,,Y,6,1,9,,12,7,5,,,3,20160630,20160731,20160719,0.0000,,,0.0000,5892.0000,5892.0000,1537.0000,5892.0000,,,0.0000,,,,,,,,,139660.0000,,,,,0.0000,978.0000,,,,-401.0000,3642.0000,352.0000,-1756.0000,0.0000,0.0000,3642.0000,24963.0000,-2234.0000,3642.0000,6898.0000,88.0000,,,,,,,,,,94438.0000,,,,,,,,193694.0000,19.0000,,,,,,,,,,,,,,,,9.2209,,,,,,68177.9510,115.0000,8343.0000,8343.0000,,,,,,71997.0000,71997.0000,50392.0000,,,,,,,,,6510.0000,113240.0000,915.0000,,15813.0000,16798.0000,,-238.0000,0.0000,-519.0000,0.0000,-228.0000,15813.0000,,,,,,,,,,,,,,,,26902.0000,,,,,,,,8013.0000,7808.0000,7808.0000,7925.0000,106.5340,,,,,,0.0490,0.0000,0.0000,,0.0000,761.0000,0.0000,0.0000,,0.0000,0.0000,0.0000,0.0000,25.0000,1050.0000,4000.0000,1500.0000,3750.0000,,241.0000,-7.0000,-443.0000,482.0000,0.0000,,,,0.0000,16798.0000,12929.0000,7195.0000,13884.0000,0.0000,0.0000,2796.0000,,41544.0000,761.0000,40783.0000,0.0000,0.0000,5878.0000,,,,,,,,,19800.0000,6622.0000,,,,,,,,,19800.0000,,,27468.0000,,6441.0000,0.0000,41569.0000,,,,,0.0000,11006.0000,11329.0000,,,0.0000,0.0000,,,,,,,11329.0000,1050.0000,4000.0000,1500.0000,3750.0000,,21292.0000,27170.0000,,,114.0000,2.1000,2.1000,2.1200,2.1200,0.0000,,0.0000,0.0000,0.0000,,,,-67.0000,12393.0000,0.0000,,,3659.0000,0.0000,,824.0000,-121.0000,,,,,,-369.0000,,,-8393.0000,,,,,,,,,,,,,11649.0000,11649.0000,,,,,,,17872.0000,,,,,,,,,,,,,,668.0000,,,,58418.0000,,,,,,,41.0000,,,,,,,,,,,,,,,,,,,,,,16798.0000,16798.0000,,16798.0000,16798.0000,,16798.0000,113541.0000,,,,,,,,,,21605.0000,3733.0000,58.0000,1100.0000,600.0000,1481.0000,0.0000,,,,,612.0000,2251.0000,158.0000,,,,,,,,,,,,,,,,,,,,,,,,,,,,,,,,,,,,,,,,,,,,,0.0000,,119.0000,-1190.0000,,10431.0000,129758.0000,,,-23950.0000,,106730.0000,,,,,,,,,,,,38950.0000,33686.0000,,6218.0000,59357.0000,,,,0.0000,0.0000,,,,,,,,-398.0000,19320.0000,613.0000,12879.0000,17.0000,,,193694.0000,,121697.0000,0.0000,0.0000,0.0000,0.0000,0.0000,961.0000,996.0000,922.0000,833.0000,634.0000,4346.0000,2118.0000,2941.0000,,,,,,16798.0000,16798.0000,,,,,,,,,,,,870.0000,870.0000,12904.0000,,,,,,,,33325.0000,,21292.0000,27170.0000,2.2300,,,,,,,2.2100,,,,,,,,,,,,,,,,,,,,,,,,,,19751.0000,-325.0000,20076.0000,,,,,,,,,,,,,,,,0.0000,,,38156.0000,,,,,,,,18356.0000,,38156.0000,,,,,,,,,,,,,,0.0000,15969.0000,,,,0.0000,0.0000,0.0000,0.0000,0.0000,0.0000,,,,,,,,,,,,,-312.0000,-0.0400,-0.0400,,-480.0000,0.0000,0.0000,0.0000,0.0000,,3819.0000,0.0000,-1404.0000,-530.0000,0.0000,426.0000,18277.0000,,18277.0000,,,2282.0000,,85320.0000,,,,,,,,,,,,,,,,,,,,,,,,,,,,,,,,85320.0000,,,,,,,,71997.0000,0.0000,,,,,115341.0000,,,,-1110.0000,,,,,0.0000,,,,,,668.0000,,,2668.0000,1786.0000,,,,,,,,,,,71997.0000,,119019.0000,0.0000,232.0000,,,8000.0000,,,,,0.0000,0.0000,,0.0000,0.0000,,0.0000,0.0000,2621.0000,1476.0000,219.0000,0.0000,0.0000,332.0000,,,332.0000,1476.0000,,,,545.0000,1940.0000,-1257.0000,3149.0000,4406.0000,0.0000,0.0000,580.0000,3900.0000,0.0000,136.0000,2953.0000,0.0000,9599.0000,10164.0000,,,0.0000,1086.0000,317.0000,115.0000,201.0000,118.0000,8800.0000,1900.0000,163.0000,,0.0000,,,,,,,,,,,,,,,,,,,,,,,,,,,,,,,,,,,,,,,,,,,,,,,,,,,,,,,80303.0000,,,-409.5000,-0.0500,-0.0500,-630.0000,5264.0000,1600.0000,,,,,,,,,0.0000,0.0000,0.0000,,,,,1301.0000,,,,,,,,,,,,58150.0000,,,,,0.0000,549.0000,11988.0000,12046.0000,1000.0000,,31248.0000,,,,,,,,,,,01,14,0000789019,A,USA,511210,7372,7792446766.0000,1.4700,1.4700,62.1400,64.1000,48.0350,1.0000,8893088204.0000,1.3900,1.3900,399535.3600,51.1700,56.8500,39.7200,1.0000,1,5,1,1,Y,Y,98052-6399,USA,WA,19860313,7372,32
012141,20170630,2017,INDL,C,D,STD,MSFT,594918104,MICROSOFT CORP,,DS,AP,,1.0000,1.0000,,AA,USD,USD,1.0000,,Y,6,1,9,,12,7,5,,,3,20170630,20170804,20170720,0.0000,,,0.0000,4897.0000,4897.0000,431.0000,4897.0000,,,,16803.0000,,7887.0000,,,,1529.0000,2268.0000,159851.0000,,,,,0.0000,1700.0000,,,,-227.0000,6250.0000,134.0000,-1528.0000,0.0000,0.0000,6250.0000,21072.0000,2446.0000,6250.0000,7390.0000,81.0000,,,,,,,,-1415.0000,,113121.0000,3332.0000,,,,,,,241086.0000,19.0000,,,,,,,,,,,,,,,,9.3921,,,,,,69314.9520,59.0000,8129.0000,8129.0000,,,,,,72394.0000,72394.0000,27166.0000,,,,,,,,,7663.0000,132981.0000,1153.0000,,20098.0000,21204.0000,,-218.0000,0.0000,228.0000,0.0000,-1116.0000,20098.0000,217.0000,222.0000,227.0000,232.0000,,,,,,,,,,,,26461.0000,,,,,,,,7832.0000,7708.0000,7708.0000,7746.0000,101.8250,,,,,,0.0480,0.0000,0.0000,,0.0000,2400.0000,0.0000,0.0000,,0.0000,0.0000,0.0000,0.0000,1162.0000,4217.0000,5740.0000,3977.0000,8228.0000,,284.0000,-2.0000,-510.0000,341.0000,1.0000,,,,0.0000,21204.0000,10234.0000,-4963.0000,44344.0000,0.0000,0.0000,7922.0000,,78473.0000,2400.0000,76073.0000,0.0000,0.0000,7800.0000,,,,,,,,,24179.0000,8778.0000,,,,,,,,,24179.0000,,,34102.0000,,10377.0000,0.0000,79635.0000,,,,,0.0000,11845.0000,12040.0000,,,0.0000,0.0000,,,,,,,12040.0000,4000.0000,5518.0000,3750.0000,7996.0000,,22632.0000,30432.0000,,,124.0000,2.7100,2.7100,2.7400,2.7400,0.0000,,0.0000,0.0000,0.0000,,,,19.0000,16284.0000,0.0000,,,5064.0000,0.0000,,1107.0000,-164.0000,,,,,,-190.0000,,,8408.0000,,,,,,,,,,,,,11169.0000,11169.0000,,,,,,,35122.0000,,,,,,,,,,,,,,2583.0000,,,,63489.0000,,,,,,,55.0000,,,,,,,,,,,,,,,,,,,,,,21204.0000,21204.0000,,21204.0000,21204.0000,,21204.0000,150867.0000,,,,,,,,,,45228.0000,10106.0000,81.0000,1600.0000,50.0000,1239.0000,0.0000,,,,,797.0000,2181.0000,145.0000,,,,,,,,,,,,,,,,,,,,,,,,,,,,,,,,,,,,,,,,,,,,,0.0000,,324.0000,-26141.0000,,6023.0000,176905.0000,,,-46781.0000,,125318.0000,,,,,,,,,,,,46185.0000,40366.0000,,6264.0000,64527.0000,,,,0.0000,0.0000,,,,,,,,-228.0000,25161.0000,345.0000,14784.0000,0.0000,,,241086.0000,,168692.0000,39.0000,0.0000,0.0000,0.0000,0.0000,1292.0000,1220.0000,1115.0000,908.0000,749.0000,5284.0000,2588.0000,1825.0000,,,,,,21204.0000,21204.0000,,,,,,,,20894.0000,15383.0000,,,3126.0000,3126.0000,9072.0000,,,,,,,,39507.0000,,22632.0000,30432.0000,2.7700,,,,,,,2.7400,,,,,,,,,,,,,,,,,,,,,,,,,,23149.0000,453.0000,22696.0000,,,,,,,,,,,,,,,,0.0000,,,47913.0000,,,,,,,,23734.0000,,47913.0000,,,,,,,,,,,,,,0.0000,11788.0000,,,,0.0000,0.0000,0.0000,0.0000,0.0000,0.0000,,,,,,,,,,,,,-243.0000,-0.0300,-0.0300,,-306.0000,0.0000,0.0000,0.0000,0.0000,,3079.0000,0.0000,-1394.0000,-925.0000,0.0000,405.0000,19792.0000,,19792.0000,,,2648.0000,,89950.0000,,,,,,,,,,,,,,,,,,,,,,,,,,,,,,,,89950.0000,91668.0000,88652.0000,,,,,,72394.0000,0.0000,,,,,164394.0000,,,,-306.0000,,,,,0.0000,,,,,,772.0000,,,3266.0000,2200.0000,,,,,,,,,,,72394.0000,,133985.0000,0.0000,156.0000,,,13700.0000,,,,,0.0000,0.0000,,0.0000,0.0000,,0.0000,0.0000,5241.0000,531.0000,2412.0000,0.0000,0.0000,-3296.0000,,,-3296.0000,531.0000,,,,2739.0000,2472.0000,1881.0000,6023.0000,4142.0000,0.0000,0.0000,718.0000,2400.0000,0.0000,30.0000,1945.0000,0.0000,10164.0000,11737.0000,,,0.0000,1277.0000,49.0000,397.0000,4.0000,48.0000,10200.0000,2300.0000,399.0000,,0.0000,,,,,,,,,,,,,,,,,,,,,,,,,,,,,,,,,,,,,,,,,,,,,,,,,,,,,,,95324.0000,,,,,,,5819.0000,1500.0000,,,,,,,,,0.0000,0.0000,0.0000,,,,,2303.0000,,,,,,,,,,,,59518.0000,,,,,0.0000,734.0000,13037.0000,11988.0000,1300.0000,,33057.0000,,,,,,,,,,,01,14,0000789019,A,USA,511210,7372,5604288473.0000,1.5900,1.5900,85.5400,87.4999,61.9500,1.0000,6363014516.0000,1.5300,1.5300,531312.4400,68.9300,72.8900,50.3900,1.0000,1,5,1,1,Y,Y,98052-6399,USA,WA,19860313,7372,33
012141,20180630,2018,INDL,C,D,STD,MSFT,594918104,MICROSOFT CORP,ASU14-09,DS,,,1.0000,1.0000,,,USD,USD,1.0000,,Y,6,1,9,,12,7,5,,,3,20180630,20180805,20180719,0.0000,,,0.0000,6751.0000,6751.0000,-2187.0000,6751.0000,,,,,,,,,,,,169662.0000,,,,,0.0000,2200.0000,,,,-152.0000,5642.0000,173.0000,-1468.0000,0.0000,0.0000,5642.0000,22958.0000,5463.0000,5642.0000,8617.0000,1148.0000,,,,,,,,,,107571.0000,,,,,,,,258848.0000,35.0000,,,,,,,,,,,,,,,,10.7748,,,,,,71222.9520,,11632.0000,11632.0000,,,,,,82718.0000,82718.0000,38982.0000,,,,,,,,,11946.0000,133768.0000,4283.0000,,13715.0000,16571.0000,,39.0000,0.0000,-178.0000,0.0000,-2717.0000,13715.0000,393.0000,401.0000,408.0000,410.0000,,,,,,,,,,,,28453.0000,,,,,,,,7794.0000,7677.0000,7677.0000,7700.0000,97.5350,,,,,,0.0480,0.0000,0.0000,,0.0000,4125.0000,0.0000,0.0000,,0.0000,0.0000,0.0000,0.0000,5573.0000,5911.0000,4151.0000,8452.0000,3160.0000,,359.0000,22.0000,-187.0000,288.0000,1.0000,,,,0.0000,16571.0000,5573.0000,-7324.0000,7183.0000,5568.0000,,10060.0000,,81935.0000,4125.0000,72242.0000,0.0000,0.0000,9900.0000,,,,,,,,,29223.0000,10261.0000,,,,,,,,,29223.0000,,,28905.0000,,3815.0000,0.0000,87508.0000,,,,,0.0000,12699.0000,12917.0000,,,0.0000,0.0000,,,,,,,12917.0000,5518.0000,3750.0000,8044.0000,2750.0000,,35058.0000,44958.0000,,,131.0000,2.1300,2.1300,2.1500,2.1500,0.0000,,0.0000,0.0000,0.0000,,,,50.0000,20604.0000,0.0000,,,11421.0000,0.0000,,1254.0000,-218.0000,,,,,,-971.0000,,,-33590.0000,,,,,,,,,,,,,1728.0000,1728.0000,,,,,,,35683.0000,,,,,,,,,,,,,,2399.0000,,,,81907.0000,,,,,,,103.0000,,,,,,,,,,,,,,,,,,,,,,16571.0000,16571.0000,,16571.0000,16571.0000,,16571.0000,164653.0000,,,,,,,,,,43736.0000,8053.0000,0.0000,2400.0000,-465.0000,1953.0000,0.0000,,,,,655.0000,2662.0000,54.0000,,,,,,,,,,,,,,,,,,,,,,,,,,,,,,,,,,,,,,,,,,,,,0.0000,,474.0000,-986.0000,,3662.0000,137380.0000,,,-6061.0000,,121822.0000,,,,,,,,,,,,42177.0000,36074.0000,,7169.0000,58488.0000,,,,0.0000,0.0000,,,,,,,,-153.0000,35166.0000,206.0000,31351.0000,1.0000,,,258848.0000,,176130.0000,0.0000,0.0000,0.0000,0.0000,0.0000,1492.0000,1347.0000,1086.0000,902.0000,721.0000,5548.0000,2157.0000,-892.0000,,,,,,16571.0000,16571.0000,,,,,,,,,,,,4149.0000,4149.0000,0.0000,,,,,-13696.0000,-1.7500,-1.7800,43884.0000,,35058.0000,44958.0000,3.9300,,,,,,,3.8800,,,,,,,,,,,,,,,,,,,,,,,,,,36474.0000,11527.0000,24947.0000,,,,,,,,,,,,,,,,0.0000,,,65369.0000,,,,,,,,36146.0000,,65369.0000,,,,,,,,,,,,,,0.0000,10721.0000,,,,0.0000,0.0000,0.0000,0.0000,0.0000,0.0000,,,,,,,,,,,,,,,,,,0.0000,0.0000,0.0000,0.0000,,11495.0000,15121.0000,-1295.0000,-3862.0000,0.0000,377.0000,26481.0000,,26481.0000,,,13682.0000,,110360.0000,,,,,,,,,,,,,,,,,,,,,,,,,,,,,,,,110360.0000,,,,,,,,82718.0000,0.0000,,,,,143937.0000,,,,0.0000,,,,,0.0000,,,,,,1002.0000,,,3940.0000,3117.0000,,,,,,,,,,,82718.0000,,130412.0000,0.0000,54.0000,,,13057.0000,,,,,0.0000,0.0000,,0.0000,0.0000,18183.0000,0.0000,0.0000,25046.0000,541.0000,1369.0000,0.0000,0.0000,-5143.0000,-4292.0000,-393.0000,-5143.0000,541.0000,-458.0000,,,19764.0000,4348.0000,828.0000,2882.0000,2054.0000,0.0000,0.0000,2121.0000,5500.0000,0.0000,934.0000,19903.0000,0.0000,11737.0000,11961.0000,,,0.0000,1445.0000,1176.0000,151.0000,193.0000,3.0000,11300.0000,3000.0000,688.0000,,0.0000,,,,,,,,,,,,,,,,,,,,,,,,,,,,,,,,,,,,,,,,,,,,,,,,,,,,,,,111174.0000,,,,,,,6103.0000,1600.0000,,,,,,,,,0.0000,0.0000,0.0000,,,,,2733.0000,,,,,,,,,,,,65402.0000,,,,,0.0000,807.0000,14726.0000,13037.0000,1585.0000,,36949.0000,,,,,,,,,,,01,14,0000789019,A,USA,511210,7372,7859197110.0000,1.7200,1.7200,101.5700,116.1800,83.8300,1.0000,6409534533.0000,1.6500,1.6500,757028.9700,98.6100,102.6900,68.0200,1.0000,1,5,4,1,Y,Y,98052-6399,USA,WA,19860313,7372,34
012141,20190630,2019,INDL,C,D,STD,MSFT,594918104,MICROSOFT CORP,,DS,AP,,1.0000,1.0000,,AA,USD,USD,1.0000,,Y,6,1,9,,12,7,5,,,3,20190630,20190802,20190718,0.0000,,,0.0000,10146.0000,10146.0000,-340.0000,10146.0000,,143.0000,,5497.0000,,1267.0000,,,,,,175552.0000,,,,,0.0000,1900.0000,,,,885.0000,12523.0000,0.0000,-1828.0000,0.0000,0.0000,12523.0000,23202.0000,2920.0000,12523.0000,9382.0000,232.0000,,,,,,,,,,107648.0000,,,,,,,,286556.0000,25.0000,,,,,,,,,,,,,,,,13.3887,,,,,,78519.9520,,13925.0000,13925.0000,,,,,,102330.0000,102330.0000,52554.0000,,,,,,,,,11356.0000,133819.0000,-590.0000,,41154.0000,39240.0000,,-173.0000,0.0000,-318.0000,0.0000,2405.0000,41154.0000,616.0000,626.0000,631.0000,641.0000,,,,,,,,,,,,31310.0000,,,,,,,,7753.0000,7643.0000,7643.0000,7673.0000,94.0690,,,,,,0.0480,0.0000,0.0000,,0.0000,6257.0000,0.0000,0.0000,,0.0000,0.0000,0.0000,0.0000,7348.0000,4366.0000,8620.0000,3381.0000,5891.0000,,133.0000,4.0000,144.0000,221.0000,15.0000,,,,0.0000,39240.0000,7348.0000,,0.0000,6188.0000,,4000.0000,,79107.0000,6257.0000,66662.0000,0.0000,0.0000,11600.0000,,,,,,,,,35330.0000,11682.0000,,,,,,,,,35330.0000,,,32676.0000,,4530.0000,0.0000,86455.0000,,,,,0.0000,13811.0000,14103.0000,,,0.0000,0.0000,,,,,,,14103.0000,3750.0000,7994.0000,2750.0000,5250.0000,,42959.0000,54559.0000,,,144.0000,5.0600,5.0600,5.1100,5.1100,0.0000,,0.0000,0.0000,0.0000,,,,-115.0000,26288.0000,0.0000,,,12695.0000,0.0000,,1540.0000,-82.0000,,,,,,-675.0000,,,-36887.0000,,,,,,,,,,,,,3860.0000,3860.0000,,,,,,,42026.0000,,,,,,,,,,,,,,648.0000,,,,94533.0000,,,,,,,168.0000,,,,,,,,,,,,,,,,,,,,,,39240.0000,39240.0000,,39240.0000,39240.0000,,39240.0000,181437.0000,,,,,,,,,,49776.0000,7750.0000,0.0000,2400.0000,597.0000,1611.0000,0.0000,,,,,399.0000,2063.0000,53.0000,,,,,,,,,,,,,,,,,,,,,,,,,,,,,,,,,,,,,,,,,,,,,0.0000,,481.0000,-2388.0000,,4849.0000,57697.0000,,,-15773.0000,,122463.0000,,,,,,,,,,,,47025.0000,40195.0000,,7519.0000,69420.0000,,,,0.0000,0.0000,,,,,,,,0.0000,35466.0000,272.0000,30936.0000,0.0000,,,286556.0000,,184226.0000,0.0000,0.0000,0.0000,0.0000,0.0000,1678.0000,1438.0000,1235.0000,1036.0000,839.0000,6226.0000,2438.0000,1488.0000,,,,,,39240.0000,39240.0000,,,,,,,,,,,,3415.0000,3415.0000,0.0000,,,,,2410.0000,0.3100,0.3100,52185.0000,,42959.0000,54559.0000,4.8000,,,,,,,4.7500,,,,,,,,,,,,,,,,,,,,,,,,,,43688.0000,15799.0000,27889.0000,,,,,,,,,,,,,,,,0.0000,,,79186.0000,,,,,,,,43856.0000,,79186.0000,,,,,,,,,,,,,,0.0000,19543.0000,,,,0.0000,0.0000,0.0000,0.0000,0.0000,0.0000,,,,,,,,,,,,,,,,,,0.0000,0.0000,0.0000,0.0000,,23810.0000,0.0000,-1828.0000,-2812.0000,0.0000,411.0000,29524.0000,,29524.0000,,,24150.0000,,125843.0000,,,,,,,,,,,,,,,,,,,,,,,,,,,,,,,,125843.0000,,,,,,,,102330.0000,0.0000,,,,,58237.0000,,,,0.0000,,,,,0.0000,,,,,,1142.0000,,,4652.0000,3836.0000,,,,,,,,,,,102330.0000,,131760.0000,0.0000,272.0000,,,13348.0000,,,,,0.0000,0.0000,,0.0000,0.0000,2929.0000,0.0000,0.0000,10911.0000,233.0000,7536.0000,0.0000,0.0000,-6463.0000,-5647.0000,194.0000,-6463.0000,233.0000,-1010.0000,,,4718.0000,5531.0000,7303.0000,12479.0000,5176.0000,0.0000,0.0000,5665.0000,8400.0000,0.0000,662.0000,4448.0000,0.0000,11961.0000,13146.0000,,,0.0000,2106.0000,1113.0000,508.0000,316.0000,0.0000,12000.0000,3400.0000,515.0000,,0.0000,,,,,,,,,,,,,,,,,,,,,,,,,,,,,,,,,,,,,,,,,,,,,,,,,,,,,,,106132.0000,,,,,,,6830.0000,1600.0000,,,,,,,,,0.0000,0.0000,0.0000,,,,,2686.0000,,,,,,,,,,,,71284.0000,,,,,0.0000,877.0000,16876.0000,14726.0000,1707.0000,,39974.0000,,,,,,,,,,,01,14,0000789019,A,USA,511210,7372,6152112840.0000,1.8900,1.8900,157.7000,159.5500,97.2000,1.0000,7272914150.0000,1.8000,1.8000,1023856.2800,133.9600,138.4000,93.9600,1.0000,1,5,1,1,Y,Y,98052-6399,USA,WA,19860313,7372,35
014489,20160131,2015,INDL,C,D,STD,DELL,24703L202,DELL TECHNOLOGIES INC,,,,,1.0000,1.0000,,,USD,USD,1.0000,,Y,1,,,,12,,88,,,3,,20161209,,,,,,,,,,,,,,,,,,,,,,,,,,,,,,,,,,,,,,,,,,,,,,,,,,,,,,,,,,,,,,,,,,,,,,,,,,,,,,,,,,,,,,,,,,,,,,,,,,,,,,,,,,,,,,,,,,,,,,,,,,,,,,,,,,,,,,,,,,,,,,,,,,,,,,,,,,,,,,,,,,,,,,,,,,,,,,,,,,,,,,,,,,,,,,,,,,,,,,,,,,,,,,,,,,,,,,,,,,,,,,,,,,,,,,,,,,,,,,,,,,,,,,,,,,,,,,,,,,,,,,,,,,,,,,,,,,,,,,,,,,,,,,,,,,,,,,,,,,,,,,,,,,,,,,,,,,,,,,,,,,,,,,,,,,,,,,,,,,,,,,,,,,,,,,,,,,,,,,,,,,,,,,,,,,,,,,,,,,,,,,,,,,,,,,,,,,,,,,,,,,,,,,,,,,,,,,,,,,,,,,,,,,,,,,,,,,,,,,,,,,,,,,,,,,,,,,,,,,,,,,,,,,,,,,,,,,,,,,,,,,,,,,,,,,,,,,,,,,,,,,,,,,,,,,,,,,,,,,,,,,,,,,,,,,,,,,,,,,,,,,,,,,,,,,,,,,,,,,,,,,,,,,,,,,,,,,,,,,,,,,,,,,,,,,,,,,,,,,,,,,,,,,,,,,,,,,,,,,,,,,,,,,,,,,,,,,,,,,,,,,,,,,,,,,,,,,,,,,,,,,,,,,,,,,,,,,,,,,,,,,,,,,,,,,,,,,,,,,,,,,,,,,,,,,,,,,,,,,,,,,,,,,,,,,,,,,,,,,,,,,,,,,,,,,,,,,,,,,,,,,,,,,,,,,,,,,,,,,,,,,,,,,,,,,,,,,,,,,,,,,,,,,,,,,,,,,,,,,,,,,,,,,,,,,,,,,,,,,,,,,,,,,,,,,,,,,,,,,,,,,,,,,,,,,,,,,,,,,,,,,,,,,08,11,0001571996,A,USA,334111,,,,,,,,,,,,,,,,,,,,,,,78682,USA,TX,19880622,3571,29
014489,20170131,2016,INDL,C,D,STD,DELL,24703L202,DELL TECHNOLOGIES INC,,DS,AP,,1.0000,1.0000,,AR,USD,USD,1.0000,,Y,1,1,9,,12,7,5,,,3,20170203,20170414,20170330,0.0000,,,0.0000,4144.0000,3294.0000,-595.0000,3294.0000,,445.0000,223.0000,31539.0000,-2100.0000,31218.0000,1993.0000,,,4490.0000,9200.0000,30773.0000,,,,,0.0000,3681.0000,,,,0.0000,1162.0000,11.0000,0.0000,19.0000,0.0000,1162.0000,4917.0000,4053.0000,1162.0000,14422.0000,,,,,-965.2500,37629.0000,-4.4500,-4.4500,-4909.0000,-1485.0000,5479.0000,22227.0000,,,,,,,118206.0000,0.0000,,,,,,,,,,,,,,,,63.3636,,,,,,20197.0000,202.0000,699.0000,699.0000,,,,,,13243.0000,13243.0000,-60922.0000,,,,,,,,,9474.0000,11449.0000,2898.0000,,-1992.0000,-1718.0000,-254.0000,-23.0000,-49.0000,0.0000,19.0000,-16.0000,-1943.0000,0.0000,0.0000,0.0000,0.0000,,,,,,,,,,,,45829.0000,,,,,,,,217.0000,223.0000,209.0000,217.0000,4.1830,,,,,,2.0000,0.0100,0.0000,,0.0000,0.0000,0.0000,231.0000,49364.0000,0.0000,0.0000,0.0000,,6329.0000,6865.0000,4872.0000,2354.0000,9456.0000,,200.0000,5.0000,,61.0000,3.0000,,,,0.0000,-3691.0000,6329.0000,,46893.0000,19153.0000,1251.0000,16960.0000,,43061.0000,39102.0000,31203.0000,2019.0000,1887.0000,4839.0000,,,,,,,,,7461.0000,5206.0000,,,,,,,,,7461.0000,,,10265.0000,,8431.0000,0.0000,49390.0000,-219.0500,-1.0100,-1.0100,-337.0000,-966.0000,0.0000,0.0000,,,0.0000,0.0000,,,,,,,0.0000,6865.0000,4872.0000,2354.0000,9456.0000,,-1764.0000,3075.0000,,,138.0000,-7.7100,-17.0100,-7.7100,-17.0100,0.0000,,0.0000,0.0000,0.0000,0.0000,0.0000,,24.0000,,0.0000,,8815.0000,0.0000,0.0000,0.0000,,-77.0000,,,,,,-1736.0000,,,31908.0000,,,1376.0000,,,,0.0000,3222.0000,2651.0000,,,,652.0000,652.0000,,,,,,,38910.0000,,,,,,,,,,,,,,4.0000,,,,15813.0000,,,,,,,-1.0000,,,,,,,,,,,,,,,,,,,,,,-3691.0000,-3691.0000,,-3737.0000,-3691.0000,,-3737.0000,62301.0000,,,,,,,,,,74165.0000,35255.0000,0.0000,1575.0000,1076.0000,1110.0000,0.0000,,,,,925.0000,2538.0000,503.0000,,,,,,,,,,,,,,,,,,,,,,,,,,,,,,,,,,,,,,,,,,,,,0.0000,,,6642.0000,0.0000,6453.0000,778.0000,,,-31256.0000,,1975.0000,,,,,,,,,,,,16441.0000,13395.0000,,3130.0000,38135.0000,,,,0.0000,0.0000,,,,,,,,0.0000,12287.0000,64.0000,3856.0000,0.0000,,,118206.0000,,98966.0000,0.0000,0.0000,5766.0000,5766.0000,-46.0000,443.0000,352.0000,267.0000,207.0000,148.0000,1417.0000,739.0000,-13.0000,,,,,,-1672.0000,-1672.0000,,,,,,,,-3200.0000,-6013.0000,,,-290.0000,-290.0000,0.0000,,,,,,,,2222.0000,,-1764.0000,3075.0000,-11.5500,,,,,,,-11.5500,7.0000,,16.0000,1.0000,,2.0000,,54.0000,48.0000,14.3000,15.5100,14.1200,14.7500,27.0900,14.6300,,,,,,,,,,,-5356.0000,-7173.0000,1817.0000,,,,,,,,,,,,,,,,0.0000,,,13114.0000,,,,,,,,5653.0000,,13114.0000,,,,,,,,,,,,,,15.3000,711.0000,,,,231.0000,231.0000,231.0000,0.0000,231.0000,231.0000,,,,,,,,,,,,,,,,,,0.0000,0.0000,0.0000,0.0000,,-6204.0000,0.0000,30.0000,-2527.0000,0.0000,46.0000,12642.0000,-612.0000,12642.0000,,,-5609.0000,,61642.0000,,,,,,,,,,,,,,,,,,,,,,,,,,,,,,,,61642.0000,74225.0000,73138.0000,,,,,,13474.0000,0.0000,,,,,1208.0000,,,,-1822.0000,,,,,,0.0000,,,,,4422.0000,,,398.0000,276.0000,,,,,,,,,,,19240.0000,,10396.0000,,64.0000,,,372.0000,,,,,752.0000,752.0000,,14.0000,0.0000,,0.0000,0.0000,229.0000,5483.0000,571.0000,0.0000,0.0000,-2201.0000,-1676.0000,-52.0000,-1848.0000,5483.0000,-120.0000,,,-139.0000,322.0000,-4912.0000,3259.0000,8171.0000,0.0000,0.0000,943.0000,978.0000,0.0000,46.0000,-1619.0000,558.0000,2479.0000,2752.0000,,,0.0000,116.0000,379.0000,227.0000,219.0000,30.0000,2300.0000,737.0000,94.0000,,0.0000,,,,,,,,,,,,,,,,,,,,,,,,,,,,,,,,,,,,,,,,,,,,,,,,,,,,,,,-7362.0000,,,,,,,3046.0000,772.0000,,,,,,,,,0.0000,2019.0000,-300.0000,,,,,1480.0000,,,,,,,,,,,,58567.0000,,,,,850.0000,181.0000,2636.0000,1051.0000,279.0000,,12738.0000,,,,,,,,,,,08,11,0001571996,A,USA,334111,3571,,,,,,,,,,,,,,,,1,7,1,0,Y,Y,78682,USA,TX,19880622,3571,30
014489,20180131,2017,INDL,C,D,STD,DELL,24703L202,DELL TECHNOLOGIES INC,,DS,,,1.0000,1.0000,,,USD,USD,1.0000,,Y,1,1,9,,12,7,5,,,3,20180202,20180423,20180308,0.0000,,,0.0000,5054.0000,4038.0000,130.0000,4038.0000,,,,564.0000,,178.0000,,,,,,38957.0000,,,,,0.0000,6980.0000,,,,0.0000,1373.0000,-103.0000,0.0000,32.0000,0.0000,1373.0000,5118.0000,6578.0000,1373.0000,18334.0000,,,,,-291.8500,658.0000,-1.4400,-1.4400,,-449.0000,9559.0000,,,,,,,,122281.0000,0.0000,,,,,,,,,,,,,,,,46.8643,,,,,,19887.0000,489.0000,1212.0000,1212.0000,,,,,,9326.0000,9326.0000,-59348.0000,,,,,,,,,13942.0000,16129.0000,4468.0000,,-3132.0000,-3855.0000,791.0000,-114.0000,-129.0000,0.0000,13.0000,33.0000,-3003.0000,0.0000,0.0000,0.0000,0.0000,,,,,,,,,,,,53234.0000,,,,,,,,203.0000,223.0000,199.0000,203.0000,4.6490,,,,,,2.0000,0.0100,0.0000,,0.0000,0.0000,0.0000,384.0000,43972.0000,0.0000,0.0000,0.0000,,7873.0000,5660.0000,4199.0000,9803.0000,3542.0000,,69.0000,14.0000,,183.0000,1.0000,,,,-7.0000,-3735.0000,7873.0000,,14439.0000,17492.0000,15325.0000,12321.0000,,43998.0000,37571.0000,35202.0000,0.0000,0.0000,8634.0000,,,,,,,,,7883.0000,8817.0000,,,,,,,,,7883.0000,,,12024.0000,,10223.0000,0.0000,51871.0000,,,,,-823.0000,0.0000,0.0000,,,0.0000,0.0000,,,,,,,0.0000,5660.0000,4199.0000,9803.0000,3542.0000,,-2831.0000,5803.0000,,,145.0000,-18.4000,-18.4000,-18.3600,-18.3600,0.0000,,0.0000,0.0000,0.0000,0.0000,0.0000,,175.0000,,0.0000,,8930.0000,0.0000,0.0000,0.0000,,-113.0000,,,,,,-640.0000,,,364.0000,,3327.0000,1469.0000,,,,0.0000,3919.0000,3724.0000,,,,1342.0000,1342.0000,,,,,,,39920.0000,,,,,,,,,,,,,,72.0000,,,,25426.0000,,,,,,,,,,,,,,,,,,,,,,,,,,,,,-3728.0000,-3728.0000,,-3855.0000,-3728.0000,,-3855.0000,59369.0000,,,,,,,,,,68674.0000,28754.0000,0.0000,2192.0000,-325.0000,1197.0000,0.0000,,,,,967.0000,2678.0000,514.0000,,,,,,,,,,,,,,,,,,,,,,,,,,,,,,,,,,,,,,,,,,,,,0.0000,,,-530.0000,0.0000,7887.0000,4389.0000,,,-2881.0000,,2187.0000,,,,,,,,,,,,18456.0000,15141.0000,,3117.0000,45892.0000,,,,0.0000,0.0000,,,,,,,,0.0000,17020.0000,184.0000,6797.0000,0.0000,,,122281.0000,,106910.0000,0.0000,0.0000,5661.0000,5661.0000,-127.0000,405.0000,345.0000,275.0000,204.0000,131.0000,1360.0000,700.0000,22.0000,,,,,,-3728.0000,-3728.0000,,,,,,,,,,,,-2.0000,-2.0000,0.0000,,,,,300.0000,1.4800,1.4800,6810.0000,,-2831.0000,5803.0000,-18.3800,,,,,,,-18.4100,2.0000,,18.0000,4.0000,,0.0000,,48.0000,42.0000,14.7500,13.7500,14.6200,14.8000,,15.1700,,,,,,,,,,,-5688.0000,-6494.0000,806.0000,,,,,,,,,,,,,,,,0.0000,,,13273.0000,,,,,,,,5390.0000,,13273.0000,,,,,,,,,,,,,,18.7000,1114.0000,,,,384.0000,384.0000,384.0000,0.0000,384.0000,384.0000,,,,,,,,,,,,,,,,,,0.0000,0.0000,0.0000,0.0000,,-9123.0000,0.0000,-71.0000,-3168.0000,0.0000,,15096.0000,179.0000,15096.0000,,,-9253.0000,,78660.0000,,,,,,,,,,,,,,,,,,,,,,,,,,,,,,,,78660.0000,,,,,,,,9710.0000,0.0000,,,,,3908.0000,,,,-449.0000,,,,,,16.0000,,,,,0.0000,,,835.0000,567.0000,,,,,,,,,,,15371.0000,,14677.0000,,184.0000,,,509.0000,,,,,1440.0000,1440.0000,,24.0000,0.0000,,0.0000,0.0000,762.0000,,,,,-2595.0000,-2301.0000,-138.0000,-2595.0000,,-156.0000,,,52.0000,599.0000,-2337.0000,2522.0000,4859.0000,0.0000,0.0000,1229.0000,924.0000,0.0000,111.0000,-1833.0000,0.0000,2752.0000,2867.0000,,,0.0000,155.0000,90.0000,98.0000,14.0000,34.0000,2200.0000,860.0000,184.0000,,0.0000,,,,,,,,,,,,,,,,,,,,,,,,,,,,,,,,,,,,,,,,,,,,,,,,,,,,,,,-6935.0000,,,,,,,3315.0000,1045.0000,,,,,,,,,0.0000,0.0000,0.0000,,,,,2406.0000,,,,,,,,,,,,72857.0000,,,,,1016.0000,214.0000,4384.0000,2636.0000,571.0000,,19623.0000,,,,,,,,,,,08,11,0001571996,A,USA,334111,3571,,,,,,,,,0.0000,0.0000,,,,,1.0000,1,7,1,1,Y,Y,78682,USA,TX,19880622,3571,31
014489,20190131,2018,INDL,C,D,STD,DELL,24703L202,DELL TECHNOLOGIES INC,ASU14-09,DS,,,1.0000,1.0000,,,USD,USD,1.0000,,Y,1,1,9,,12,7,5,,,3,20190201,20190418,20190301,0.0000,,,0.0000,5522.0000,4727.0000,-467.0000,4727.0000,,,,786.0000,,128.0000,,,,,,36138.0000,,,,,0.0000,6349.0000,,,,0.0000,2218.0000,-29.0000,0.0000,14.0000,0.0000,2218.0000,117.0000,4934.0000,2218.0000,19213.0000,,,,,-535.6000,912.0000,-0.7500,-0.7500,,-824.0000,5535.0000,,,,,,,,111820.0000,0.0000,,,,,,,,,,,,,,,12944.0000,-8.0181,,,,,,16107.0000,617.0000,1158.0000,1158.0000,,,,,,-5765.0000,-5765.0000,-68741.0000,,,,,,,,,9676.0000,10198.0000,-4138.0000,,-2714.0000,-2181.0000,-631.0000,74.0000,135.0000,0.0000,-21.0000,45.0000,-2849.0000,0.0000,0.0000,0.0000,0.0000,,,,,,,,,,,,60864.0000,,,,,,,,718.4350,721.0000,719.0000,718.4350,4.6770,,,,,,7.0000,0.0100,0.0000,,0.0000,0.0000,0.0000,1196.0000,53508.0000,0.0000,0.0000,0.0000,,4320.0000,6059.0000,10193.0000,5081.0000,10657.0000,,94.0000,3.0000,,49.0000,11.0000,,,,0.0000,-2310.0000,4320.0000,,13045.0000,21840.0000,18181.0000,11451.0000,,49201.0000,21579.0000,32399.0000,0.0000,0.0000,7746.0000,,,,,,,,,8348.0000,7892.0000,,,,,,,,,8348.0000,,,12944.0000,,11066.0000,0.0000,53521.0000,,,,,-718.0000,0.0000,0.0000,,,0.0000,0.0000,,,,,,,0.0000,6059.0000,10193.0000,5081.0000,10657.0000,,749.0000,8495.0000,,,157.0000,-3.2200,-3.2200,-3.2200,-3.2200,0.0000,,0.0000,0.0000,0.0000,0.0000,0.0000,,-189.0000,,0.0000,,9048.0000,0.0000,0.0000,0.0000,,-206.0000,,,,,,-1489.0000,,,-14329.0000,,3113.0000,2816.0000,,,,0.0000,4398.0000,4224.0000,,,,1558.0000,1558.0000,,,,,,,40089.0000,,-123.5000,-0.1700,-0.1700,-190.0000,,,,,,,,,342.0000,,,,29757.0000,,,,,,,0.0000,,,,,,,,,,,,,,,,,,,,,,-2310.0000,-2310.0000,,-2181.0000,-2310.0000,,-2181.0000,49455.0000,,,,,,,,,,62976.0000,22887.0000,0.0000,2347.0000,-1445.0000,1153.0000,0.0000,,,,,1794.0000,3649.0000,702.0000,,,,,,,,,,,,,,,,,,,,,,,,,,,,,,,,,,,,,,,,,,,,,0.0000,,,-258.0000,0.0000,5229.0000,925.0000,,,3389.0000,,522.0000,,,,,,,,,,,,20043.0000,16042.0000,,3098.0000,44972.0000,,,,0.0000,0.0000,,,,,,,,0.0000,17393.0000,60.0000,6327.0000,0.0000,,,111820.0000,,111566.0000,0.0000,0.0000,4823.0000,4823.0000,129.0000,371.0000,314.0000,240.0000,175.0000,113.0000,1213.0000,643.0000,0.0000,,,,,,-2310.0000,-2310.0000,,,,,,,,,,,,392.0000,392.0000,0.0000,,,,,154.0000,0.2100,0.2100,6991.0000,,749.0000,8495.0000,-2.3100,,,,,,,-2.3100,0.0000,,41.0000,0.0000,,0.0000,,42.0000,42.0000,14.8000,,,14.7600,,14.6400,,,,,,,,,,,-2361.0000,-4645.0000,2284.0000,,,,,,,,,,,,,,,,0.0000,,,13607.0000,,,,,,,,5259.0000,,13607.0000,,,,,,,,,,,,,,35.0000,14434.0000,,,,1196.0000,1196.0000,1196.0000,0.0000,1196.0000,1196.0000,,,,,,,,,,,,,,,,,,0.0000,0.0000,0.0000,0.0000,,-21816.0000,2393.0000,-15.0000,-2406.0000,0.0000,,16769.0000,-452.0000,16769.0000,,,-21349.0000,,90621.0000,,,,,,,,,,,,,522.0000,42.0000,,,,,,,,,,,,,,,,,,90621.0000,,,,,,,,-4569.0000,0.0000,,,,,6642.0000,,,,-1014.0000,,,,,,-30.0000,,,,,0.0000,,,918.0000,658.0000,,,,,,,,,,,254.0000,,5652.0000,,60.0000,,,466.0000,,,,,63.0000,63.0000,,2.0000,0.0000,,0.0000,0.0000,1151.0000,,,,,-1331.0000,-1150.0000,-96.0000,-1331.0000,,-85.0000,,,461.0000,616.0000,-1450.0000,2949.0000,4399.0000,0.0000,0.0000,1396.0000,747.0000,0.0000,74.0000,-180.0000,0.0000,2867.0000,2989.0000,,,0.0000,116.0000,170.0000,288.0000,22.0000,90.0000,2400.0000,1000.0000,127.0000,,0.0000,,,,,,,,,,,,,,,,,,,,,,,,,,,,,,,,,,,,,,,,,,,,,,,,,,,,,,,-8834.0000,,,,,,,4001.0000,1143.0000,,,,,,,,,0.0000,0.0000,0.0000,,,,,2488.0000,,,,,,,,,,,,82126.0000,,,,,795.0000,246.0000,4604.0000,4384.0000,457.0000,,21262.0000,,,,,,,,,,,08,11,0001571996,A,USA,334111,3571,10308852.0000,0.0000,0.0000,48.8700,48.8700,44.7700,1.0000,97229442.0000,0.0000,0.0000,34936.2100,48.5900,49.5000,42.0200,1.0000,1,7,4,1,Y,Y,78682,USA,TX,19880622,3571,32
014489,20200131,2019,INDL,C,D,STD,DELL,24703L202,DELL TECHNOLOGIES INC,ASU16-02,DS,,,1.0000,1.0000,,,USD,USD,1.0000,,Y,1,1,9,,12,7,5,,,3,20200131,20200409,20200228,0.0000,,,0.0000,6176.0000,5291.0000,-709.0000,5291.0000,,52.0000,,1816.0000,,586.0000,,,,,,36868.0000,,,,,0.0000,4681.0000,,,,0.0000,7969.0000,14.0000,0.0000,-45.0000,0.0000,6971.0000,81.0000,3062.0000,6971.0000,20065.0000,,,,,-185.2500,2455.0000,-0.2500,-0.2600,,-285.0000,4633.0000,,,,,,,,118861.0000,0.0000,,,,,,,,,,,,,,,14881.0000,-2.1184,,,,,,16084.0000,679.0000,2241.0000,2241.0000,,,,,,-1574.0000,-1574.0000,-62051.0000,,,,,,,,,9302.0000,10032.0000,-89.0000,,5287.0000,5529.0000,-226.0000,43.0000,913.0000,0.0000,-59.0000,0.0000,4374.0000,,,,,,,,,,,,,,,,59410.0000,,,,,,,,751.0000,745.0000,743.0000,724.0000,4.4650,,,,,,7.0000,0.0100,0.0000,,998.0000,0.0000,0.0000,629.0000,53848.0000,0.0000,0.0000,0.0000,,8169.0000,8000.0000,7391.0000,7745.0000,3321.0000,,80.0000,1.0000,,30.0000,38.0000,,,,-84.0000,4532.0000,8169.0000,,20481.0000,23855.0000,15720.0000,22117.0000,,45679.0000,36537.0000,30602.0000,0.0000,0.0000,6143.0000,,,,,,,,,8572.0000,6143.0000,,,,,,,,,8572.0000,,,14881.0000,,12919.0000,0.0000,53848.0000,,,,,-609.0000,0.0000,0.0000,,,0.0000,0.0000,,,,,,,0.0000,8000.0000,7391.0000,7745.0000,3321.0000,,3526.0000,9669.0000,,,165.0000,6.0300,6.0300,6.3800,6.3800,0.0000,,0.0000,0.0000,0.0000,0.0000,0.0000,,-90.0000,,0.0000,,9927.0000,1780.0000,0.0000,0.0000,,-162.0000,,,,,,-3079.0000,,,-4604.0000,,4152.0000,3613.0000,,,,0.0000,4895.0000,4848.0000,,,,2200.0000,2200.0000,,,,,,,41691.0000,,-134.5500,-0.1800,-0.1900,-207.0000,,,,,,,,,194.0000,,,,32744.0000,,,,,,,,,,,,,,,,,,,,,,,,,,,,,4616.0000,4616.0000,,5529.0000,4616.0000,,5529.0000,49463.0000,,,,,,,,,,60477.0000,18786.0000,0.0000,2500.0000,311.0000,1128.0000,0.0000,,,,,1590.0000,3281.0000,563.0000,,,,,,,,,,,,,,,,,,,,,,,,,,,,,,,,,,,,,,,,,,,,,0.0000,,,-306.0000,0.0000,5712.0000,181.0000,,,-4686.0000,,730.0000,,,,,,,,,,,,22455.0000,17010.0000,,2129.0000,52456.0000,,,,0.0000,0.0000,,,,,,,,0.0000,16942.0000,68.0000,4023.0000,0.0000,,,118861.0000,,115077.0000,0.0000,0.0000,4729.0000,4729.0000,913.0000,458.0000,380.0000,292.0000,201.0000,131.0000,1462.0000,677.0000,0.0000,,,,,,4616.0000,4616.0000,,,,,,,,,,,,49.0000,49.0000,0.0000,,,,,4900.0000,0.1300,0.1300,9291.0000,,3526.0000,9669.0000,0.6400,,,,,,,0.5100,0.0000,,18.0000,24.0000,,0.0000,,42.0000,18.0000,14.7600,,14.8600,14.8200,,14.5500,,,,,,,,,,,-4.0000,-3067.0000,3063.0000,,,,,,,,,,,,,,,,0.0000,,,16407.0000,,,,,,,,7835.0000,,16407.0000,,,,,,,,,,,,,,18.0000,547.0000,,,,629.0000,629.0000,629.0000,0.0000,629.0000,629.0000,,,,,,,,,,,,,,,,,,0.0000,0.0000,0.0000,0.0000,,-17600.0000,0.0000,-31.0000,-1615.0000,0.0000,203.0000,17379.0000,-678.0000,17379.0000,,,-16891.0000,,92154.0000,,,,,,,,,,,,,730.0000,360.0000,,,,,,,,,,,,,,,,,,92154.0000,,,,,,,,-945.0000,0.0000,,,,,497.0000,,,,-904.0000,,,,,,0.0000,,,,,658.0000,,,1262.0000,870.0000,,,,,,,,,,,3784.0000,,4714.0000,,68.0000,,,580.0000,,,,,65.0000,65.0000,,2.0000,0.0000,,0.0000,0.0000,806.0000,,,,,-6339.0000,-862.0000,-5327.0000,-6339.0000,,-150.0000,,,-150.0000,887.0000,4938.0000,6231.0000,1293.0000,0.0000,0.0000,1767.0000,1414.0000,0.0000,69.0000,-5533.0000,0.0000,2989.0000,2447.0000,,,0.0000,145.0000,490.0000,332.0000,402.0000,127.0000,2000.0000,800.0000,174.0000,,0.0000,,,,,,,,,,,,,,,,,,,,,,,,,,,,,,,,,,,,,,,,,,,,,,,,,,,,,,,-15588.0000,,,-267.8000,-0.3600,-0.3700,-412.0000,5445.0000,1300.0000,,,,,,,,,0.0000,0.0000,0.0000,,,,,2675.0000,,,,,,,,,,,,82485.0000,,,,,885.0000,267.0000,4992.0000,4604.0000,671.0000,,23075.0000,,,,,,,,,,,08,11,0001571996,A,USA,334111,3571,627569034.0000,0.0000,0.0000,51.3900,70.5530,42.0200,1.0000,593223280.0000,0.0000,0.0000,36236.1100,48.7700,70.5530,44.3500,1.0000,1,7,4,1,Y,Y,78682,USA,TX,19880622,3571,33
